bucket,subreddit,foundation,n,human_share,soft,hard,targeted_5pct,random_mean_5pct,targeted_10pct,random_mean_10pct,targeted_20pct,random_mean_20pct,targeted_30pct,random_mean_30pct
Everyday Morality,AmItheAsshole,care,1263,0.2792293481129586,0.4822961203483769,0.48614410134600156,0.46878068091844816,0.47216991290577986,0.46069147532330434,0.4616946027975719,0.4372314594879916,0.44126987331749795,0.41027183953549745,0.42048446819741353
Everyday Morality,AmItheAsshole,equality,1263,0.13380839271575615,0.23159936658749009,0.1868566904196358,0.2190076537344946,0.2267166138822909,0.21152019002375294,0.2217283320137239,0.19587226181050407,0.21217412245975187,0.1799920823436263,0.20192918975983118
Everyday Morality,AmItheAsshole,proportionality,1263,0.07996832937450514,0.08747426761678544,0.035629453681710214,0.08250197941409344,0.0870922406967538,0.07995249406175772,0.08666943784639745,0.0738189495909211,0.08591792029559255,0.07655581947743469,0.08514154130377417
Everyday Morality,AmItheAsshole,loyalty,1263,0.06571654790182106,0.2684560570071259,0.21931908155186064,0.24914753233043016,0.25845629453681696,0.2312773818949591,0.24817757983636857,0.20111638954869357,0.22795285035629445,0.16405384006334126,0.2072004750593824
Everyday Morality,AmItheAsshole,authority,1263,0.06439693850620216,0.17246239113222486,0.09501187648456057,0.16000000000000003,0.1670077197149644,0.14947479546054368,0.16171175771971494,0.12836896278701504,0.15087053312219578,0.11007917656373714,0.1399880707310636
Everyday Morality,AmItheAsshole,purity,1263,0.06149379783584059,0.07850356294536817,0.030878859857482184,0.07597255212457114,0.07766714172604909,0.07451834257059911,0.07659340195302185,0.07100026392187912,0.07484940617577193,0.0704961731327527,0.07319180522565322
Everyday Morality,confession,care,1257,0.22169185892336246,0.3833253778838504,0.3611774065234686,0.3769053301511536,0.37545600636435966,0.3704189870060992,0.367262463537523,0.3589817024661893,0.35115357995226726,0.34460090161760804,0.334537934234951
Everyday Morality,confession,equality,1257,0.05833996287456908,0.14200477326968974,0.09387430389817025,0.13461681251657387,0.13767471492972688,0.12689207106868206,0.1336229514717581,0.11710156457173163,0.12544142137364106,0.10766905330151154,0.11660733227260671
Everyday Morality,confession,proportionality,1257,0.07319013524264122,0.0785043754972156,0.03659506762132061,0.07609387430389818,0.07817974012198356,0.07597454256165473,0.0779368337311058,0.07346857597454255,0.07733943251127018,0.07235746486343145,0.07670226730310262
Everyday Morality,confession,loyalty,1257,0.030495889684433834,0.14686555290373907,0.07557677008750995,0.13704322460885707,0.1410936621585786,0.12959692389286662,0.13545175019888636,0.11589763988332008,0.12383870326173431,0.10277380005303632,0.11211120392468839
Everyday Morality,confession,authority,1257,0.056483691328560064,0.1179554494828958,0.056483691328560064,0.11352161230442853,0.11502271280827372,0.10854680456112437,0.1118412490055688,0.10091752850702732,0.10581153540175015,0.09293025722619996,0.09931701140281092
Everyday Morality,confession,purity,1257,0.059931052771148234,0.09660302307080351,0.03739061256961018,0.0949164677804296,0.09482618668788119,0.09405727923627687,0.09276739591620262,0.09103951206576506,0.08901857597454259,0.08722885176345797,0.08599240254574386
Everyday Morality,nostalgia,care,1259,0.022239872915011914,0.10791104050833997,0.05321683876092136,0.10764892772041303,0.1035404289118348,0.10745830023828437,0.099324384432089,0.10327773365104581,0.09082798517341809,0.09816256288059307,0.08238306857294153
Everyday Morality,nostalgia,equality,1259,0.011119936457505957,0.044718030182684665,0.017474185861795076,0.044392374900714855,0.04304050833995233,0.0443606036536934,0.04142171035213133,0.04260259465184009,0.037927032036007426,0.03927720413026212,0.03460386550172095
Everyday Morality,nostalgia,proportionality,1259,0.012443738416732854,0.0313582208101668,0.011119936457505957,0.031326449563145356,0.030414389727296806,0.03109875562615833,0.029433756949960296,0.02892507280910776,0.027441514429441347,0.027008207572147204,0.025735861795075445
Everyday Morality,nostalgia,loyalty,1259,0.009531374106433678,0.05433677521842732,0.016679904686258934,0.05403494837172359,0.05208040773100344,0.053439237490071484,0.04987046597828968,0.04965316388668256,0.04535164151442944,0.045165475244903365,0.04109616097431827
Everyday Morality,nostalgia,authority,1259,0.009531374106433678,0.04961874503574265,0.009531374106433678,0.04957108816521048,0.04755368016944662,0.04940428911834789,0.045669301032565536,0.045716176859941754,0.04154569764363252,0.04275350807519195,0.03768521313211542
Everyday Morality,nostalgia,purity,1259,0.016415144294413552,0.06061159650516283,0.023034154090548053,0.06069367222663489,0.058350767805136365,0.06063807254434737,0.05617535080751921,0.05902303415409055,0.05171090812814406,0.0579083929044215,0.04735513635160179
Everyday Morality,relationship_advice,care,1277,0.3223701383450796,0.5431401722787783,0.5614722004698512,0.5373035760897938,0.5318793918037064,0.5326024536674497,0.5209714304359174,0.5125241451318193,0.49906836335160526,0.49545288436439566,0.4768488253719659
Everyday Morality,relationship_advice,equality,1277,0.12320542939180369,0.19649177760375883,0.14408770555990602,0.18670843121900288,0.19289535369355243,0.18340120073087965,0.1890376664056381,0.1732210910989298,0.18210395458104942,0.16639258679196034,0.17457487601148527
Everyday Morality,relationship_advice,proportionality,1277,0.06447402766901592,0.054447924823805796,0.021143304620203602,0.050759592795614726,0.05500980161837641,0.05097624641085878,0.05534534064213001,0.04978073610023493,0.056568546071521765,0.04983033150613417,0.05739085095275383
Everyday Morality,relationship_advice,loyalty,1277,0.09919081179848603,0.24542678151918557,0.18872357086922475,0.2382250065257113,0.23810455494648916,0.23139911250326287,0.23069792482380602,0.21231532237013834,0.21605733489950402,0.19473244583659619,0.2014051422605064
Everyday Morality,relationship_advice,authority,1277,0.041242495432002084,0.10600626468285043,0.04385277995301488,0.10032889584964762,0.10274481858522577,0.09679196032367529,0.09937730357608981,0.08882276168102322,0.09296713651788047,0.08117723831897676,0.08643795353693554
Everyday Morality,relationship_advice,purity,1277,0.08379013312451057,0.09240407204385279,0.031323414252153486,0.09135212738188464,0.09203540850952756,0.09247716001044115,0.09159574523623075,0.09063951970764814,0.09068945445053514,0.08744192116940747,0.08963662229182985
French politics,Conservative,care,138,0.07971014492753623,0.16630434782608694,0.10144927536231885,0.14434782608695654,0.16236968599033808,0.13444444444444445,0.15756425120772943,0.107512077294686,0.14994734299516918,0.10507246376811594,0.14121231884057972
French politics,Conservative,equality,138,0.03864734299516908,0.20485507246376813,0.15217391304347827,0.17415458937198067,0.19677173913043478,0.14772946859903383,0.18717330917874392,0.09765700483091787,0.17258828502415458,0.07690821256038648,0.15545591787439617
French politics,Conservative,proportionality,138,0.06521739130434782,0.053478260869565225,0.007246376811594203,0.06026570048309179,0.05387572463768117,0.06135265700483092,0.05525217391304351,0.05318840579710144,0.056484057971014495,0.056618357487922696,0.05720640096618356
French politics,Conservative,loyalty,138,0.06038647342995168,0.3765217391304348,0.32608695652173914,0.3417149758454106,0.36092270531400955,0.30113526570048316,0.34404359903381637,0.2210386473429952,0.31603647342995184,0.1742512077294686,0.28122946859903386
French politics,Conservative,authority,138,0.1038647342995169,0.2944927536231884,0.18115942028985507,0.28103864734299516,0.28520893719806756,0.26516908212560386,0.2756351449275361,0.22504830917874394,0.2583218599033815,0.20214975845410627,0.23653925120772953
French politics,Conservative,purity,138,0.012077294685990336,0.052318840579710146,0.007246376811594203,0.045386473429951696,0.05036050724637683,0.04106280193236715,0.04809142512077292,0.025193236714975843,0.04438381642512077,0.02606280193236715,0.040427053140096654
French politics,europe,care,2478,0.06039817056766209,0.1386682808716707,0.06739305891848264,0.13050981974710787,0.13469529862792573,0.12139628732849074,0.1306699757869249,0.10257734732311004,0.12304764595103582,0.08989776701641108,0.11522413909066452
French politics,europe,equality,2478,0.0687382297551789,0.20035512510088785,0.14447134786117838,0.18311272531611517,0.1936672114608556,0.16621468926553673,0.18711889292440137,0.13391713747645953,0.17414268899650265,0.11379203658864677,0.16066413101963942
French politics,europe,proportionality,2478,0.05864944847995695,0.062171105730427764,0.023405972558514933,0.0586763518966909,0.062069094700026924,0.057105192359429645,0.06184667742803333,0.05412429378531074,0.06147077616357281,0.05113128867366156,0.06114667070217919
French politics,europe,loyalty,2478,0.06026365348399246,0.3102421307506053,0.24092009685230023,0.28767150928167873,0.2977085552865212,0.2673500134517084,0.2850120863599676,0.22099677158999198,0.26034995964487495,0.18458703255313427,0.23501424535916063
French politics,europe,authority,2478,0.09654963680387409,0.2933131557707829,0.192090395480226,0.2779432337906914,0.28335486951842886,0.2638471885929513,0.273356039817057,0.23601560398170568,0.2537837772397095,0.21216976055959105,0.23424630750605316
French politics,europe,purity,2478,0.025558245897228948,0.04644874899112188,0.00645682001614205,0.04299435028248588,0.04539815039009956,0.04056093623890235,0.04438761097659402,0.03766612859833199,0.042267372881355944,0.03441485068603713,0.040177643260694104
French politics,geopolitics,care,98,0.027210884353741496,0.061326530612244905,0.01020408163265306,0.061326530612244905,0.05959948979591833,0.05326530612244899,0.05805119047619048,0.05326530612244899,0.05450510204081631,0.04775510204081633,0.05093316326530614
French politics,geopolitics,equality,98,0.03741496598639456,0.08428571428571428,0.04081632653061224,0.08428571428571428,0.08161190476190479,0.06982993197278912,0.07937431972789112,0.06982993197278912,0.0750051020408163,0.0591156462585034,0.0696200680272109
French politics,geopolitics,proportionality,98,0.05442176870748299,0.04387755102040816,0.01020408163265306,0.04387755102040816,0.04444387755102043,0.03860544217687075,0.045078741496598636,0.03860544217687075,0.04605884353741496,0.0377891156462585,0.04733758503401361
French politics,geopolitics,loyalty,98,0.030612244897959183,0.3072448979591837,0.23469387755102042,0.3072448979591837,0.2937425170068027,0.2910544217687075,0.2799530612244897,0.2910544217687075,0.2532085034013605,0.2758503401360544,0.2235389455782313
French politics,geopolitics,authority,98,0.06802721088435373,0.1809183673469388,0.02040816326530612,0.1809183673469388,0.17524795918367345,0.16673469387755105,0.16945765306122454,0.16673469387755105,0.15931394557823128,0.1596938775510204,0.1464615646258504
French politics,geopolitics,purity,98,0.013605442176870748,0.022959183673469382,0.0,0.022959183673469382,0.02252380952380953,0.022074829931972788,0.02195986394557822,0.022074829931972788,0.02104540816326529,0.02125850340136054,0.02006071428571429
French politics,neoliberal,care,1554,0.03830973830973831,0.1135907335907336,0.0489060489060489,0.1077027027027027,0.10982400257400267,0.09942299442299442,0.10607117117117111,0.08786143286143286,0.09863085585585582,0.07438223938223938,0.09117687687687694
French politics,neoliberal,equality,1554,0.042685542685542685,0.15457528957528957,0.08944658944658945,0.14491634491634492,0.14902749892749903,0.13269626769626772,0.143329912054912,0.11312955812955813,0.1323543758043759,0.09775418275418277,0.12127606177606173
French politics,neoliberal,proportionality,1554,0.0474045474045474,0.0590990990990991,0.015444015444015444,0.058174603174603184,0.05846877949377951,0.05507936507936508,0.05789901329901328,0.054032604032604035,0.05678988631488631,0.050830115830115825,0.05550510510510512
French politics,neoliberal,loyalty,1554,0.041312741312741305,0.23915057915057913,0.14671814671814673,0.22337837837837837,0.22919823037323028,0.205993135993136,0.2193670634920634,0.17792363792363794,0.19973815958815977,0.15239596739596742,0.179826598026598
French politics,neoliberal,authority,1554,0.08815958815958816,0.2817953667953668,0.16859716859716858,0.2713148863148863,0.2719319712569713,0.26052338052338053,0.26257261904761914,0.2372972972972973,0.24321898326898342,0.2152123552123552,0.22339793007292996
French politics,neoliberal,purity,1554,0.02102102102102102,0.04410553410553411,0.005148005148005148,0.04158515658515659,0.04296233376233375,0.03900900900900901,0.041787752037752035,0.035034320034320034,0.0395010725010725,0.033283998283998285,0.037149163449163455
French politics,worldnews,care,2410,0.0892807745504841,0.1844066390041494,0.11452282157676348,0.17282434301521438,0.1797499723374829,0.15766943291839558,0.17487964730290462,0.1384688796680498,0.1651169156293223,0.11882019363762103,0.15578970262793906
French politics,worldnews,equality,2410,0.09536652835408022,0.2528672199170125,0.2107883817427386,0.2324453665283541,0.2451019986168743,0.20833056708160444,0.23738793914246195,0.17379391424619642,0.22110400414937773,0.1407302904564315,0.20546422544951592
French politics,worldnews,proportionality,2410,0.0627939142461964,0.06638174273858923,0.02780082987551867,0.0627939142461964,0.06621273858921159,0.061504840940525586,0.06594188796680502,0.06112586445366528,0.06570021438450896,0.06012724757952974,0.06535438450899037
French politics,worldnews,loyalty,2410,0.052558782849239274,0.3194356846473029,0.24854771784232366,0.2940290456431535,0.30620818810511763,0.2637994467496542,0.2929676141078837,0.21626832641770402,0.26560717150760715,0.16940663900414937,0.2393998271092671
French politics,worldnews,authority,2410,0.10978561549100968,0.28409128630705394,0.17136929460580913,0.2688893499308437,0.27547334024896264,0.2569377593360996,0.2668087206085756,0.22901659751037348,0.2490468326417703,0.20208713692946056,0.23163106500691558
French politics,worldnews,purity,2410,0.03883125864453665,0.054107883817427385,0.006639004149377593,0.05010373443983403,0.053368457814661145,0.04814522821576764,0.052600414937759334,0.04766113416320886,0.05097966113416322,0.046441217150760716,0.0494448962655602
US Politics,Conservative,care,1656,0.12097423510466987,0.24193840579710144,0.17270531400966183,0.22470813204508858,0.23590846417069244,0.21299516908212562,0.22994517914653778,0.19671296296296295,0.21792405394524939,0.17855676328502415,0.20578798309178745
US Politics,Conservative,equality,1656,0.12318840579710146,0.3086473429951691,0.26570048309178745,0.2825040257648953,0.2994137278582932,0.26391908212560383,0.2898900563607087,0.22576288244766507,0.27150295893719806,0.19563808373590982,0.2531194947665055
US Politics,Conservative,proportionality,1656,0.0931964573268921,0.08588164251207729,0.036231884057971016,0.078341384863124,0.08639795692431568,0.07588365539452498,0.0866817934782609,0.07632045088566827,0.08738978462157806,0.07723429951690822,0.08815446859903378
US Politics,Conservative,loyalty,1656,0.030394524959742347,0.24938405797101446,0.15519323671497584,0.21927737520128823,0.23846423107890502,0.1963868760064412,0.22736056763285023,0.1593216586151369,0.2055491445249597,0.12723228663446054,0.18391241948470205
US Politics,Conservative,authority,1656,0.09500805152979065,0.2773067632850241,0.20652173913043478,0.25370772946859904,0.2683216082930756,0.2371235909822866,0.259144212962963,0.20732085346215784,0.2409227254428341,0.17929951690821253,0.22282691223832526
US Politics,Conservative,purity,1656,0.0360305958132045,0.07530797101449276,0.019927536231884056,0.06604066022544285,0.0733788647342995,0.06251610305958133,0.0713149657809984,0.056119162640901776,0.06746488526570046,0.052200080515297904,0.06378520531400964
US Politics,antiwork,care,1663,0.18941671677690916,0.28607937462417315,0.24052916416115455,0.27330326718781317,0.2811426939266386,0.2610703547805171,0.27651751854078965,0.24080577269993989,0.26669311485267577,0.22595309681298856,0.2571611044297454
US Politics,antiwork,equality,1663,0.10222489476849068,0.30147324113048707,0.269993986770896,0.2727781118460613,0.2914600721587492,0.2507476448186009,0.281664301463219,0.2074564040889958,0.2617776408097813,0.17192022449388653,0.24128416516335918
US Politics,antiwork,proportionality,1663,0.13850471036279816,0.16598917618761275,0.11184606133493687,0.16053317298055725,0.16450183403487675,0.15295249549007817,0.16325071156544413,0.14630186410102225,0.16042358188013633,0.14117859290438964,0.1577702244938866
US Politics,antiwork,loyalty,1663,0.029865704550010017,0.16142513529765484,0.08779314491882141,0.13915614351573463,0.1547976849067949,0.12198035678492686,0.14824403688113857,0.09317698937662858,0.1354592202846262,0.07387853277209863,0.12210710563239136
US Politics,antiwork,authority,1663,0.0527159751453197,0.2318099819603127,0.15935057125676488,0.20429144117057527,0.22270565243535778,0.18204650230507116,0.21398956704750438,0.14549007817197834,0.1959990779715374,0.116738825415915,0.17796362998596918
US Politics,antiwork,purity,1663,0.03166967328121868,0.06230907997594708,0.009019843656043296,0.058550811785929045,0.06079375626378033,0.055832832230908,0.059170926037282016,0.051765884946883146,0.05618151934255358,0.04776708759270395,0.05325574263379433
US Politics,politics,care,1656,0.10265700483091787,0.2420048309178744,0.18478260869565216,0.22495772946859902,0.2351293679549114,0.20737520128824474,0.22795310990338163,0.18530394524959742,0.2142592592592591,0.1637097423510467,0.1999585446859902
US Politics,politics,equality,1656,0.07608695652173914,0.2259782608695652,0.17995169082125603,0.20249798711755232,0.21844250201288254,0.17917874396135267,0.2109054951690822,0.1480293880837359,0.19596533816425116,0.12306561996779387,0.18095931964573267
US Politics,politics,proportionality,1656,0.0861513687600644,0.0902536231884058,0.041666666666666664,0.08310789049919484,0.09001632447665056,0.07928542673107891,0.08980464975845404,0.0781400966183575,0.0894682769726248,0.07501409017713365,0.08914387077294686
US Politics,politics,loyalty,1656,0.04086151368760064,0.2711714975845411,0.19504830917874397,0.24411030595813205,0.25971243961352664,0.21415056360708534,0.24805974235104666,0.1717572463768116,0.22502077294686,0.13797101449275365,0.20200129830917876
US Politics,politics,authority,1656,0.10869565217391304,0.3208756038647343,0.2669082125603865,0.30122987117552336,0.31034236111111096,0.2757145732689211,0.2997186896135266,0.23785829307568437,0.2783447262479871,0.2088949275362319,0.2568900161030596
US Politics,politics,purity,1656,0.030797101449275364,0.07487922705314011,0.01932367149758454,0.07010265700483093,0.0726653582930757,0.06288446054750403,0.07049581320450886,0.05703301127214171,0.06608095813204512,0.0501731078904992,0.061642793880837356
