method,budget,mae_unweighted,mae_cell_size_weighted
soft,0.0,0.1027815421009853,0.10531180800766055
hard,0.0,0.06708557906858381,0.06804067668122968
targeted,0.05,0.09268405929586836,0.09438373198741863
random_mean,0.05,0.0976566583368699,0.10004539569493487
targeted,0.1,0.08305370269509188,0.08446854988329644
random_mean,0.1,0.09245347269528457,0.09476057497290218
targeted,0.2,0.06688944300531825,0.06725005153576584
random_mean,0.2,0.08234872860583257,0.08424788254500237
targeted,0.3,0.053137971804598755,0.05215771939274244
random_mean,0.3,0.07190547404782277,0.07367858871798964
