analysis_status,comparison,metric,foundation,estimate,ci95_low,ci95_high,bootstrap_reps
POST-HOC EXPLORATORY — specified after observing the primary results,calibrated_minus_raw,squared_loss,care,-0.02704598913,-0.02877443113,-0.02525809608,1000
POST-HOC EXPLORATORY — specified after observing the primary results,calibrated_minus_raw,squared_loss,equality,-0.03734470683,-0.0392528519,-0.03540116971,1000
POST-HOC EXPLORATORY — specified after observing the primary results,calibrated_minus_raw,squared_loss,proportionality,-0.007935022503,-0.008817795391,-0.007031000082,1000
POST-HOC EXPLORATORY — specified after observing the primary results,calibrated_minus_raw,squared_loss,loyalty,-0.07293576922,-0.07530893023,-0.07018086803,1000
POST-HOC EXPLORATORY — specified after observing the primary results,calibrated_minus_raw,squared_loss,authority,-0.04322540496,-0.04501765496,-0.0413846138,1000
POST-HOC EXPLORATORY — specified after observing the primary results,calibrated_minus_raw,squared_loss,purity,-0.003138756646,-0.003731192867,-0.002580121924,1000
POST-HOC EXPLORATORY — specified after observing the primary results,calibrated_minus_raw,squared_loss,macro,-0.03193760821,-0.03269187256,-0.03115422389,1000
POST-HOC EXPLORATORY — specified after observing the primary results,calibrated_minus_raw,absolute_loss,care,-0.0550239073,-0.0571845383,-0.05290049224,1000
POST-HOC EXPLORATORY — specified after observing the primary results,calibrated_minus_raw,absolute_loss,equality,-0.07292221499,-0.07545271044,-0.07050343826,1000
POST-HOC EXPLORATORY — specified after observing the primary results,calibrated_minus_raw,absolute_loss,proportionality,0.00556414381,0.004341003296,0.006704489418,1000
POST-HOC EXPLORATORY — specified after observing the primary results,calibrated_minus_raw,absolute_loss,loyalty,-0.1429413391,-0.1460244176,-0.1399788644,1000
POST-HOC EXPLORATORY — specified after observing the primary results,calibrated_minus_raw,absolute_loss,authority,-0.08779272403,-0.08984537333,-0.08543788297,1000
POST-HOC EXPLORATORY — specified after observing the primary results,calibrated_minus_raw,absolute_loss,purity,-0.01560292022,-0.01642318868,-0.0147614482,1000
POST-HOC EXPLORATORY — specified after observing the primary results,calibrated_minus_raw,absolute_loss,macro,-0.0614531603,-0.06242252579,-0.06046774248,1000
POST-HOC EXPLORATORY — specified after observing the primary results,calibrated_minus_raw,signed_bias,care,-0.1260597726,-0.1281248371,-0.1242868915,1000
POST-HOC EXPLORATORY — specified after observing the primary results,calibrated_minus_raw,signed_bias,equality,-0.1297823115,-0.1319797453,-0.1274678123,1000
POST-HOC EXPLORATORY — specified after observing the primary results,calibrated_minus_raw,signed_bias,proportionality,-0.002301141425,-0.003593277096,-0.00107947365,1000
POST-HOC EXPLORATORY — specified after observing the primary results,calibrated_minus_raw,signed_bias,loyalty,-0.1949016293,-0.1980947637,-0.1920844985,1000
POST-HOC EXPLORATORY — specified after observing the primary results,calibrated_minus_raw,signed_bias,authority,-0.1451783321,-0.1472223524,-0.1431079791,1000
POST-HOC EXPLORATORY — specified after observing the primary results,calibrated_minus_raw,signed_bias,purity,-0.02842156346,-0.02920808781,-0.02766088861,1000
POST-HOC EXPLORATORY — specified after observing the primary results,calibrated_minus_raw,signed_bias,macro,-0.1044407917,-0.1055713021,-0.1032997584,1000
POST-HOC EXPLORATORY — specified after observing the primary results,calibrated_minus_hard,squared_loss,care,-0.07706590055,-0.08051431561,-0.07364794802,1000
POST-HOC EXPLORATORY — specified after observing the primary results,calibrated_minus_hard,squared_loss,equality,-0.0762420416,-0.07994410104,-0.07278521418,1000
POST-HOC EXPLORATORY — specified after observing the primary results,calibrated_minus_hard,squared_loss,proportionality,-0.02293229543,-0.02489007322,-0.02102570011,1000
POST-HOC EXPLORATORY — specified after observing the primary results,calibrated_minus_hard,squared_loss,loyalty,-0.1217380853,-0.1265803704,-0.1167914571,1000
POST-HOC EXPLORATORY — specified after observing the primary results,calibrated_minus_hard,squared_loss,authority,-0.0908955887,-0.09523701962,-0.08681980027,1000
POST-HOC EXPLORATORY — specified after observing the primary results,calibrated_minus_hard,squared_loss,purity,-0.009867942514,-0.01117590172,-0.008687581943,1000
POST-HOC EXPLORATORY — specified after observing the primary results,calibrated_minus_hard,squared_loss,macro,-0.06645697569,-0.06806465347,-0.06500167338,1000
POST-HOC EXPLORATORY — specified after observing the primary results,calibrated_minus_hard,absolute_loss,care,-0.04884978956,-0.05242850936,-0.04523084578,1000
POST-HOC EXPLORATORY — specified after observing the primary results,calibrated_minus_hard,absolute_loss,equality,-0.04890501867,-0.05267334024,-0.0452986516,1000
POST-HOC EXPLORATORY — specified after observing the primary results,calibrated_minus_hard,absolute_loss,proportionality,0.02069231825,0.01860953007,0.02254588082,1000
POST-HOC EXPLORATORY — specified after observing the primary results,calibrated_minus_hard,absolute_loss,loyalty,-0.09432701944,-0.09860410253,-0.08984947921,1000
POST-HOC EXPLORATORY — specified after observing the primary results,calibrated_minus_hard,absolute_loss,authority,-0.05685350963,-0.06080296849,-0.05276917866,1000
POST-HOC EXPLORATORY — specified after observing the primary results,calibrated_minus_hard,absolute_loss,purity,0.0137160097,0.01244914664,0.01505462954,1000
POST-HOC EXPLORATORY — specified after observing the primary results,calibrated_minus_hard,absolute_loss,macro,-0.03575450156,-0.03721994834,-0.03424975966,1000
POST-HOC EXPLORATORY — specified after observing the primary results,calibrated_minus_hard,signed_bias,care,-0.07739677659,-0.0814948881,-0.07341830778,1000
POST-HOC EXPLORATORY — specified after observing the primary results,calibrated_minus_hard,signed_bias,equality,-0.08366644578,-0.08757588306,-0.07975789819,1000
POST-HOC EXPLORATORY — specified after observing the primary results,calibrated_minus_hard,signed_bias,proportionality,0.03991862038,0.03766661033,0.04195704961,1000
POST-HOC EXPLORATORY — specified after observing the primary results,calibrated_minus_hard,signed_bias,loyalty,-0.1245018447,-0.1295880345,-0.1197662265,1000
POST-HOC EXPLORATORY — specified after observing the primary results,calibrated_minus_hard,signed_bias,authority,-0.06367794311,-0.06777244355,-0.05954976815,1000
POST-HOC EXPLORATORY — specified after observing the primary results,calibrated_minus_hard,signed_bias,purity,0.02033838627,0.01882240167,0.02174324761,1000
POST-HOC EXPLORATORY — specified after observing the primary results,calibrated_minus_hard,signed_bias,macro,-0.04816433392,-0.049849781,-0.0465579268,1000
POST-HOC EXPLORATORY — specified after observing the primary results,calibrated_minus_constant_dev_prevalence,squared_loss,care,-0.02726263677,-0.02875315281,-0.02562778717,1000
POST-HOC EXPLORATORY — specified after observing the primary results,calibrated_minus_constant_dev_prevalence,squared_loss,equality,-0.01656465138,-0.01789088857,-0.01525877387,1000
POST-HOC EXPLORATORY — specified after observing the primary results,calibrated_minus_constant_dev_prevalence,squared_loss,proportionality,-0.003186147419,-0.003733822348,-0.002636738379,1000
POST-HOC EXPLORATORY — specified after observing the primary results,calibrated_minus_constant_dev_prevalence,squared_loss,loyalty,-0.003817793513,-0.004268251687,-0.003386202008,1000
POST-HOC EXPLORATORY — specified after observing the primary results,calibrated_minus_constant_dev_prevalence,squared_loss,authority,-0.006466380316,-0.007113162787,-0.005793190649,1000
POST-HOC EXPLORATORY — specified after observing the primary results,calibrated_minus_constant_dev_prevalence,squared_loss,purity,-0.003030818435,-0.003592091214,-0.00252928081,1000
POST-HOC EXPLORATORY — specified after observing the primary results,calibrated_minus_constant_dev_prevalence,squared_loss,macro,-0.01005473797,-0.01042637237,-0.009654874809,1000
POST-HOC EXPLORATORY — specified after observing the primary results,calibrated_minus_constant_dev_prevalence,absolute_loss,care,-0.07229569695,-0.07421012909,-0.07036179805,1000
POST-HOC EXPLORATORY — specified after observing the primary results,calibrated_minus_constant_dev_prevalence,absolute_loss,equality,-0.05009992361,-0.05178683511,-0.04857907507,1000
POST-HOC EXPLORATORY — specified after observing the primary results,calibrated_minus_constant_dev_prevalence,absolute_loss,proportionality,-0.009882461811,-0.01075791488,-0.009069960887,1000
POST-HOC EXPLORATORY — specified after observing the primary results,calibrated_minus_constant_dev_prevalence,absolute_loss,loyalty,-0.01442792314,-0.0152919167,-0.01362380231,1000
POST-HOC EXPLORATORY — specified after observing the primary results,calibrated_minus_constant_dev_prevalence,absolute_loss,authority,-0.02956284293,-0.03076397976,-0.02826447659,1000
POST-HOC EXPLORATORY — specified after observing the primary results,calibrated_minus_constant_dev_prevalence,absolute_loss,purity,-0.01224481481,-0.01307695189,-0.01147373723,1000
POST-HOC EXPLORATORY — specified after observing the primary results,calibrated_minus_constant_dev_prevalence,absolute_loss,macro,-0.03141894387,-0.03200612434,-0.03084846232,1000
POST-HOC EXPLORATORY — specified after observing the primary results,calibrated_minus_constant_dev_prevalence,signed_bias,care,0.00443638717,0.001997944596,0.006875537661,1000
POST-HOC EXPLORATORY — specified after observing the primary results,calibrated_minus_constant_dev_prevalence,signed_bias,equality,0.000198078329,-0.001559784273,0.002076014428,1000
POST-HOC EXPLORATORY — specified after observing the primary results,calibrated_minus_constant_dev_prevalence,signed_bias,proportionality,0.00304104941,0.002202280599,0.003882616765,1000
POST-HOC EXPLORATORY — specified after observing the primary results,calibrated_minus_constant_dev_prevalence,signed_bias,loyalty,0.0001846116924,-0.0006752714809,0.001010818611,1000
POST-HOC EXPLORATORY — specified after observing the primary results,calibrated_minus_constant_dev_prevalence,signed_bias,authority,0.002520817036,0.001221487302,0.003905534125,1000
POST-HOC EXPLORATORY — specified after observing the primary results,calibrated_minus_constant_dev_prevalence,signed_bias,purity,-0.002060236228,-0.002919186151,-0.001279894851,1000
POST-HOC EXPLORATORY — specified after observing the primary results,calibrated_minus_constant_dev_prevalence,signed_bias,macro,0.001386784568,0.0005615890925,0.002160597836,1000
