analysis_status,split,foundation,n_comments,mean_human_vote_share,mean_raw_jev_probability,mean_signed_bias_p_minus_h,squared_loss_to_human_share,absolute_loss_to_human_share,raw_probability_sd_sharpness,mean_raw_probability_entropy
POST-HOC EXPLORATORY — specified after observing the primary results,DEV,care,1000,0.1203333333,0.24528,0.1249466667,0.06386173333,0.1745,0.267929322,0.3648053715
POST-HOC EXPLORATORY — specified after observing the primary results,DEV,equality,1000,0.08233333333,0.2146,0.1322666667,0.0639684,0.1631466667,0.2714318331,0.3144841278
POST-HOC EXPLORATORY — specified after observing the primary results,DEV,proportionality,1000,0.07266666667,0.07051,-0.002156666667,0.02915307778,0.09920333333,0.1345497674,0.1805961078
POST-HOC EXPLORATORY — specified after observing the primary results,DEV,loyalty,1000,0.046,0.24866,0.20266,0.09251124444,0.21648,0.2490281197,0.3944311834
POST-HOC EXPLORATORY — specified after observing the primary results,DEV,authority,1000,0.08258333333,0.22437,0.1417866667,0.05910568889,0.17838,0.2103031219,0.4061889384
POST-HOC EXPLORATORY — specified after observing the primary results,DEV,purity,1000,0.03891666667,0.06943,0.03051333333,0.01578151111,0.07238666667,0.1159843744,0.1933738901
POST-HOC EXPLORATORY — specified after observing the primary results,TEST,care,16709,0.1313284258,0.2508294931,0.1195010673,0.06177353323,0.170179544,0.2782796107,0.3574158761
POST-HOC EXPLORATORY — specified after observing the primary results,TEST,equality,16709,0.08313882738,0.2123137231,0.1291748958,0.06302544803,0.1599219981,0.2726273389,0.3094176727
POST-HOC EXPLORATORY — specified after observing the primary results,TEST,proportionality,16709,0.0719971273,0.0780088575,0.006011730205,0.03026775391,0.1016883117,0.1456335267,0.1900258855
POST-HOC EXPLORATORY — specified after observing the primary results,TEST,loyalty,16709,0.04663355078,0.2410862409,0.1944526902,0.09039984373,0.2109938756,0.2489261135,0.3842179337
POST-HOC EXPLORATORY — specified after observing the primary results,TEST,authority,16709,0.07803179923,0.2302824825,0.1522506833,0.0677242145,0.1873319768,0.2231164995,0.4007471824
POST-HOC EXPLORATORY — specified after observing the primary results,TEST,purity,16709,0.03809823049,0.0652779939,0.0271797634,0.01574414853,0.07280347916,0.1041792427,0.1913094206
