analysis_status,split,foundation,prediction_method,bin,mean_predicted_probability,mean_human_vote_share,n
POST-HOC EXPLORATORY — specified after observing the primary results,DEV,care,dev_raw,1,0.0184,0.006666666667,100
POST-HOC EXPLORATORY — specified after observing the primary results,DEV,care,dev_raw,2,0.0295,0.006666666667,100
POST-HOC EXPLORATORY — specified after observing the primary results,DEV,care,dev_raw,3,0.0442,0.03,100
POST-HOC EXPLORATORY — specified after observing the primary results,DEV,care,dev_raw,4,0.0633,0.01666666667,100
POST-HOC EXPLORATORY — specified after observing the primary results,DEV,care,dev_raw,5,0.0976,0.05333333333,100
POST-HOC EXPLORATORY — specified after observing the primary results,DEV,care,dev_raw,6,0.1485,0.07666666667,100
POST-HOC EXPLORATORY — specified after observing the primary results,DEV,care,dev_raw,7,0.2403,0.1066666667,100
POST-HOC EXPLORATORY — specified after observing the primary results,DEV,care,dev_raw,8,0.371,0.1066666667,100
POST-HOC EXPLORATORY — specified after observing the primary results,DEV,care,dev_raw,9,0.5884,0.2833333333,100
POST-HOC EXPLORATORY — specified after observing the primary results,DEV,care,dev_raw,10,0.8516,0.5166666667,100
POST-HOC EXPLORATORY — specified after observing the primary results,TEST,care,test_raw,1,0.01853381209,0.00398962697,1671
POST-HOC EXPLORATORY — specified after observing the primary results,TEST,care,test_raw,2,0.02885098743,0.009575104728,1671
POST-HOC EXPLORATORY — specified after observing the primary results,TEST,care,test_raw,3,0.04273488929,0.01695591462,1671
POST-HOC EXPLORATORY — specified after observing the primary results,TEST,care,test_raw,4,0.06137043686,0.03111909037,1671
POST-HOC EXPLORATORY — specified after observing the primary results,TEST,care,test_raw,5,0.09214242968,0.04839417514,1671
POST-HOC EXPLORATORY — specified after observing the primary results,TEST,care,test_raw,6,0.1435846798,0.07560343108,1671
POST-HOC EXPLORATORY — specified after observing the primary results,TEST,care,test_raw,7,0.2355475763,0.1126072212,1671
POST-HOC EXPLORATORY — specified after observing the primary results,TEST,care,test_raw,8,0.3944464393,0.1715539597,1671
POST-HOC EXPLORATORY — specified after observing the primary results,TEST,care,test_raw,9,0.6231418312,0.2826650708,1671
POST-HOC EXPLORATORY — specified after observing the primary results,TEST,care,test_raw,10,0.8683113772,0.5610778443,1670
POST-HOC EXPLORATORY — specified after observing the primary results,TEST,care,test_dev_calibrated,1,0,0.005984440455,1671
POST-HOC EXPLORATORY — specified after observing the primary results,TEST,care,test_dev_calibrated,2,0,0.007580291243,1671
POST-HOC EXPLORATORY — specified after observing the primary results,TEST,care,test_dev_calibrated,3,0.00461186795,0.01695591462,1671
POST-HOC EXPLORATORY — specified after observing the primary results,TEST,care,test_dev_calibrated,4,0.01521900838,0.03111909037,1671
POST-HOC EXPLORATORY — specified after observing the primary results,TEST,care,test_dev_calibrated,5,0.03280639073,0.04839417514,1671
POST-HOC EXPLORATORY — specified after observing the primary results,TEST,care,test_dev_calibrated,6,0.06220762346,0.07560343108,1671
POST-HOC EXPLORATORY — specified after observing the primary results,TEST,care,test_dev_calibrated,7,0.1147679705,0.1126072212,1671
POST-HOC EXPLORATORY — specified after observing the primary results,TEST,care,test_dev_calibrated,8,0.2055848076,0.1715539597,1671
POST-HOC EXPLORATORY — specified after observing the primary results,TEST,care,test_dev_calibrated,9,0.3362930566,0.2826650708,1671
POST-HOC EXPLORATORY — specified after observing the primary results,TEST,care,test_dev_calibrated,10,0.476416921,0.5610778443,1670
POST-HOC EXPLORATORY — specified after observing the primary results,DEV,equality,dev_raw,1,0.014,0.003333333333,100
POST-HOC EXPLORATORY — specified after observing the primary results,DEV,equality,dev_raw,2,0.021,0.006666666667,100
POST-HOC EXPLORATORY — specified after observing the primary results,DEV,equality,dev_raw,3,0.0313,0.01,100
POST-HOC EXPLORATORY — specified after observing the primary results,DEV,equality,dev_raw,4,0.0444,0.02,100
POST-HOC EXPLORATORY — specified after observing the primary results,DEV,equality,dev_raw,5,0.0632,0.02666666667,100
POST-HOC EXPLORATORY — specified after observing the primary results,DEV,equality,dev_raw,6,0.0979,0.04,100
POST-HOC EXPLORATORY — specified after observing the primary results,DEV,equality,dev_raw,7,0.1655,0.06,100
POST-HOC EXPLORATORY — specified after observing the primary results,DEV,equality,dev_raw,8,0.2889,0.07333333333,100
POST-HOC EXPLORATORY — specified after observing the primary results,DEV,equality,dev_raw,9,0.5645,0.15,100
POST-HOC EXPLORATORY — specified after observing the primary results,DEV,equality,dev_raw,10,0.8553,0.4333333333,100
POST-HOC EXPLORATORY — specified after observing the primary results,TEST,equality,test_raw,1,0.01383004189,0.003391182924,1671
POST-HOC EXPLORATORY — specified after observing the primary results,TEST,equality,test_raw,2,0.02173548773,0.006981847197,1671
POST-HOC EXPLORATORY — specified after observing the primary results,TEST,equality,test_raw,3,0.0308438061,0.0135647317,1671
POST-HOC EXPLORATORY — specified after observing the primary results,TEST,equality,test_raw,4,0.04349491323,0.01775384002,1671
POST-HOC EXPLORATORY — specified after observing the primary results,TEST,equality,test_raw,5,0.06095152603,0.02333931777,1671
POST-HOC EXPLORATORY — specified after observing the primary results,TEST,equality,test_raw,6,0.09457809695,0.03451027329,1671
POST-HOC EXPLORATORY — specified after observing the primary results,TEST,equality,test_raw,7,0.1549491323,0.05006981847,1671
POST-HOC EXPLORATORY — specified after observing the primary results,TEST,equality,test_raw,8,0.2834350688,0.07301017355,1671
POST-HOC EXPLORATORY — specified after observing the primary results,TEST,equality,test_raw,9,0.5559664871,0.1558946738,1671
POST-HOC EXPLORATORY — specified after observing the primary results,TEST,equality,test_raw,10,0.863742515,0.4530938124,1670
POST-HOC EXPLORATORY — specified after observing the primary results,TEST,equality,test_dev_calibrated,1,0,0.007580291243,1671
POST-HOC EXPLORATORY — specified after observing the primary results,TEST,equality,test_dev_calibrated,2,0,0.007580291243,1671
POST-HOC EXPLORATORY — specified after observing the primary results,TEST,equality,test_dev_calibrated,3,0.0003381580287,0.008777179334,1671
POST-HOC EXPLORATORY — specified after observing the primary results,TEST,equality,test_dev_calibrated,4,0.005575119049,0.01775384002,1671
POST-HOC EXPLORATORY — specified after observing the primary results,TEST,equality,test_dev_calibrated,5,0.01340499971,0.02333931777,1671
POST-HOC EXPLORATORY — specified after observing the primary results,TEST,equality,test_dev_calibrated,6,0.02848765293,0.03451027329,1671
POST-HOC EXPLORATORY — specified after observing the primary results,TEST,equality,test_dev_calibrated,7,0.05556610206,0.05006981847,1671
POST-HOC EXPLORATORY — specified after observing the primary results,TEST,equality,test_dev_calibrated,8,0.1131963858,0.07301017355,1671
POST-HOC EXPLORATORY — specified after observing the primary results,TEST,equality,test_dev_calibrated,9,0.2354359351,0.1558946738,1671
POST-HOC EXPLORATORY — specified after observing the primary results,TEST,equality,test_dev_calibrated,10,0.3734838826,0.4530938124,1670
POST-HOC EXPLORATORY — specified after observing the primary results,DEV,proportionality,dev_raw,1,0.01,0.02666666667,100
POST-HOC EXPLORATORY — specified after observing the primary results,DEV,proportionality,dev_raw,2,0.0175,0.04,100
POST-HOC EXPLORATORY — specified after observing the primary results,DEV,proportionality,dev_raw,3,0.02,0.04666666667,100
POST-HOC EXPLORATORY — specified after observing the primary results,DEV,proportionality,dev_raw,4,0.02,0.05,100
POST-HOC EXPLORATORY — specified after observing the primary results,DEV,proportionality,dev_raw,5,0.0228,0.04666666667,100
POST-HOC EXPLORATORY — specified after observing the primary results,DEV,proportionality,dev_raw,6,0.03,0.04,100
POST-HOC EXPLORATORY — specified after observing the primary results,DEV,proportionality,dev_raw,7,0.0346,0.07,100
POST-HOC EXPLORATORY — specified after observing the primary results,DEV,proportionality,dev_raw,8,0.0496,0.07666666667,100
POST-HOC EXPLORATORY — specified after observing the primary results,DEV,proportionality,dev_raw,9,0.0953,0.1333333333,100
POST-HOC EXPLORATORY — specified after observing the primary results,DEV,proportionality,dev_raw,10,0.4053,0.1966666667,100
POST-HOC EXPLORATORY — specified after observing the primary results,TEST,proportionality,test_raw,1,0.01,0.01735487732,1671
POST-HOC EXPLORATORY — specified after observing the primary results,TEST,proportionality,test_raw,2,0.01827648115,0.03730301217,1671
POST-HOC EXPLORATORY — specified after observing the primary results,TEST,proportionality,test_raw,3,0.02,0.04667863555,1671
POST-HOC EXPLORATORY — specified after observing the primary results,TEST,proportionality,test_raw,4,0.02,0.04927189308,1671
POST-HOC EXPLORATORY — specified after observing the primary results,TEST,proportionality,test_raw,5,0.02487133453,0.04807500499,1671
POST-HOC EXPLORATORY — specified after observing the primary results,TEST,proportionality,test_raw,6,0.03,0.06183921803,1671
POST-HOC EXPLORATORY — specified after observing the primary results,TEST,proportionality,test_raw,7,0.0376481149,0.0600438859,1671
POST-HOC EXPLORATORY — specified after observing the primary results,TEST,proportionality,test_raw,8,0.05703171753,0.07221224815,1671
POST-HOC EXPLORATORY — specified after observing the primary results,TEST,proportionality,test_raw,9,0.1138061041,0.1111111111,1671
POST-HOC EXPLORATORY — specified after observing the primary results,TEST,proportionality,test_raw,10,0.4486766467,0.2161676647,1670
POST-HOC EXPLORATORY — specified after observing the primary results,TEST,proportionality,test_dev_calibrated,1,0.04793345146,0.01735487732,1671
POST-HOC EXPLORATORY — specified after observing the primary results,TEST,proportionality,test_dev_calibrated,2,0.05131349909,0.03730301217,1671
POST-HOC EXPLORATORY — specified after observing the primary results,TEST,proportionality,test_dev_calibrated,3,0.05201737018,0.04667863555,1671
POST-HOC EXPLORATORY — specified after observing the primary results,TEST,proportionality,test_dev_calibrated,4,0.05201737018,0.04927189308,1671
POST-HOC EXPLORATORY — specified after observing the primary results,TEST,proportionality,test_dev_calibrated,5,0.0540067836,0.04807500499,1671
POST-HOC EXPLORATORY — specified after observing the primary results,TEST,proportionality,test_dev_calibrated,6,0.05610128889,0.06183921803,1671
POST-HOC EXPLORATORY — specified after observing the primary results,TEST,proportionality,test_dev_calibrated,7,0.05922471686,0.0600438859,1671
POST-HOC EXPLORATORY — specified after observing the primary results,TEST,proportionality,test_dev_calibrated,8,0.06714082262,0.07221224815,1671
POST-HOC EXPLORATORY — specified after observing the primary results,TEST,proportionality,test_dev_calibrated,9,0.09032702063,0.1111111111,1671
POST-HOC EXPLORATORY — specified after observing the primary results,TEST,proportionality,test_dev_calibrated,10,0.2270854284,0.2161676647,1670
POST-HOC EXPLORATORY — specified after observing the primary results,DEV,loyalty,dev_raw,1,0.0169,0,100
POST-HOC EXPLORATORY — specified after observing the primary results,DEV,loyalty,dev_raw,2,0.0317,0.006666666667,100
POST-HOC EXPLORATORY — specified after observing the primary results,DEV,loyalty,dev_raw,3,0.055,0.01,100
POST-HOC EXPLORATORY — specified after observing the primary results,DEV,loyalty,dev_raw,4,0.0827,0.003333333333,100
POST-HOC EXPLORATORY — specified after observing the primary results,DEV,loyalty,dev_raw,5,0.1208,0.02,100
POST-HOC EXPLORATORY — specified after observing the primary results,DEV,loyalty,dev_raw,6,0.1806,0.04,100
POST-HOC EXPLORATORY — specified after observing the primary results,DEV,loyalty,dev_raw,7,0.262,0.03333333333,100
POST-HOC EXPLORATORY — specified after observing the primary results,DEV,loyalty,dev_raw,8,0.3739,0.05,100
POST-HOC EXPLORATORY — specified after observing the primary results,DEV,loyalty,dev_raw,9,0.5606,0.07666666667,100
POST-HOC EXPLORATORY — specified after observing the primary results,DEV,loyalty,dev_raw,10,0.8024,0.22,100
POST-HOC EXPLORATORY — specified after observing the primary results,TEST,loyalty,test_raw,1,0.0165529623,0.001516058249,1671
POST-HOC EXPLORATORY — specified after observing the primary results,TEST,loyalty,test_raw,2,0.03111909037,0.005385996409,1671
POST-HOC EXPLORATORY — specified after observing the primary results,TEST,loyalty,test_raw,3,0.04885697187,0.009575104728,1671
POST-HOC EXPLORATORY — specified after observing the primary results,TEST,loyalty,test_raw,4,0.07499700778,0.01516058249,1671
POST-HOC EXPLORATORY — specified after observing the primary results,TEST,loyalty,test_raw,5,0.1136325554,0.02393776182,1671
POST-HOC EXPLORATORY — specified after observing the primary results,TEST,loyalty,test_raw,6,0.1673189707,0.02274087373,1671
POST-HOC EXPLORATORY — specified after observing the primary results,TEST,loyalty,test_raw,7,0.2462956314,0.03650508677,1671
POST-HOC EXPLORATORY — specified after observing the primary results,TEST,loyalty,test_raw,8,0.3653919808,0.05665270297,1671
POST-HOC EXPLORATORY — specified after observing the primary results,TEST,loyalty,test_raw,9,0.5418312388,0.08258527828,1671
POST-HOC EXPLORATORY — specified after observing the primary results,TEST,loyalty,test_raw,10,0.8052035928,0.2123752495,1670
POST-HOC EXPLORATORY — specified after observing the primary results,TEST,loyalty,test_dev_calibrated,1,0,0.005984440455,1671
POST-HOC EXPLORATORY — specified after observing the primary results,TEST,loyalty,test_dev_calibrated,2,0,0.00390983443,1671
POST-HOC EXPLORATORY — specified after observing the primary results,TEST,loyalty,test_dev_calibrated,3,6.667985484e-07,0.0065828845,1671
POST-HOC EXPLORATORY — specified after observing the primary results,TEST,loyalty,test_dev_calibrated,4,0.003659021632,0.01516058249,1671
POST-HOC EXPLORATORY — specified after observing the primary results,TEST,loyalty,test_dev_calibrated,5,0.01307807654,0.02393776182,1671
POST-HOC EXPLORATORY — specified after observing the primary results,TEST,loyalty,test_dev_calibrated,6,0.02616641942,0.02274087373,1671
POST-HOC EXPLORATORY — specified after observing the primary results,TEST,loyalty,test_dev_calibrated,7,0.04542033325,0.03650508677,1671
POST-HOC EXPLORATORY — specified after observing the primary results,TEST,loyalty,test_dev_calibrated,8,0.07445512442,0.05665270297,1671
POST-HOC EXPLORATORY — specified after observing the primary results,TEST,loyalty,test_dev_calibrated,9,0.1174696839,0.08258527828,1671
POST-HOC EXPLORATORY — specified after observing the primary results,TEST,loyalty,test_dev_calibrated,10,0.1816778761,0.2123752495,1670
POST-HOC EXPLORATORY — specified after observing the primary results,DEV,authority,dev_raw,1,0.0179,0.003333333333,100
POST-HOC EXPLORATORY — specified after observing the primary results,DEV,authority,dev_raw,2,0.0323,0.006666666667,100
POST-HOC EXPLORATORY — specified after observing the primary results,DEV,authority,dev_raw,3,0.0534,0.01,100
POST-HOC EXPLORATORY — specified after observing the primary results,DEV,authority,dev_raw,4,0.0859,0.02666666667,100
POST-HOC EXPLORATORY — specified after observing the primary results,DEV,authority,dev_raw,5,0.1237,0.04666666667,100
POST-HOC EXPLORATORY — specified after observing the primary results,DEV,authority,dev_raw,6,0.1792,0.07,100
POST-HOC EXPLORATORY — specified after observing the primary results,DEV,authority,dev_raw,7,0.247,0.07583333333,100
POST-HOC EXPLORATORY — specified after observing the primary results,DEV,authority,dev_raw,8,0.3525,0.15,100
POST-HOC EXPLORATORY — specified after observing the primary results,DEV,authority,dev_raw,9,0.4728,0.17,100
POST-HOC EXPLORATORY — specified after observing the primary results,DEV,authority,dev_raw,10,0.679,0.2666666667,100
POST-HOC EXPLORATORY — specified after observing the primary results,TEST,authority,test_raw,1,0.0181807301,0.001196888091,1671
POST-HOC EXPLORATORY — specified after observing the primary results,TEST,authority,test_raw,2,0.03304009575,0.007181328546,1671
POST-HOC EXPLORATORY — specified after observing the primary results,TEST,authority,test_raw,3,0.05074207062,0.01436265709,1671
POST-HOC EXPLORATORY — specified after observing the primary results,TEST,authority,test_raw,4,0.08123279473,0.02787751845,1671
POST-HOC EXPLORATORY — specified after observing the primary results,TEST,authority,test_raw,5,0.1224057451,0.04563135847,1671
POST-HOC EXPLORATORY — specified after observing the primary results,TEST,authority,test_raw,6,0.17668462,0.06024336725,1671
POST-HOC EXPLORATORY — specified after observing the primary results,TEST,authority,test_raw,7,0.2478695392,0.08577697985,1671
POST-HOC EXPLORATORY — specified after observing the primary results,TEST,authority,test_raw,8,0.3506044285,0.1172950329,1671
POST-HOC EXPLORATORY — specified after observing the primary results,TEST,authority,test_raw,9,0.4951466188,0.1524037502,1671
POST-HOC EXPLORATORY — specified after observing the primary results,TEST,authority,test_raw,10,0.7272155689,0.2684630739,1670
POST-HOC EXPLORATORY — specified after observing the primary results,TEST,authority,test_dev_calibrated,1,0.0002816399877,0.001196888091,1671
POST-HOC EXPLORATORY — specified after observing the primary results,TEST,authority,test_dev_calibrated,2,0.005425084207,0.007181328546,1671
POST-HOC EXPLORATORY — specified after observing the primary results,TEST,authority,test_dev_calibrated,3,0.01256841247,0.01436265709,1671
POST-HOC EXPLORATORY — specified after observing the primary results,TEST,authority,test_dev_calibrated,4,0.02487242109,0.02787751845,1671
POST-HOC EXPLORATORY — specified after observing the primary results,TEST,authority,test_dev_calibrated,5,0.04148705883,0.04563135847,1671
POST-HOC EXPLORATORY — specified after observing the primary results,TEST,authority,test_dev_calibrated,6,0.06339036759,0.06024336725,1671
POST-HOC EXPLORATORY — specified after observing the primary results,TEST,authority,test_dev_calibrated,7,0.09211582049,0.08577697985,1671
POST-HOC EXPLORATORY — specified after observing the primary results,TEST,authority,test_dev_calibrated,8,0.1335727225,0.1172950329,1671
POST-HOC EXPLORATORY — specified after observing the primary results,TEST,authority,test_dev_calibrated,9,0.1919002437,0.1524037502,1671
POST-HOC EXPLORATORY — specified after observing the primary results,TEST,authority,test_dev_calibrated,10,0.2855476871,0.2684630739,1670
POST-HOC EXPLORATORY — specified after observing the primary results,DEV,purity,dev_raw,1,0.01,0,100
POST-HOC EXPLORATORY — specified after observing the primary results,DEV,purity,dev_raw,2,0.0189,0.006666666667,100
POST-HOC EXPLORATORY — specified after observing the primary results,DEV,purity,dev_raw,3,0.02,0.003333333333,100
POST-HOC EXPLORATORY — specified after observing the primary results,DEV,purity,dev_raw,4,0.02,0.01,100
POST-HOC EXPLORATORY — specified after observing the primary results,DEV,purity,dev_raw,5,0.029,0.01666666667,100
POST-HOC EXPLORATORY — specified after observing the primary results,DEV,purity,dev_raw,6,0.034,0.02333333333,100
POST-HOC EXPLORATORY — specified after observing the primary results,DEV,purity,dev_raw,7,0.045,0.03,100
POST-HOC EXPLORATORY — specified after observing the primary results,DEV,purity,dev_raw,8,0.0622,0.03,100
POST-HOC EXPLORATORY — specified after observing the primary results,DEV,purity,dev_raw,9,0.1025,0.08,100
POST-HOC EXPLORATORY — specified after observing the primary results,DEV,purity,dev_raw,10,0.3527,0.1891666667,100
POST-HOC EXPLORATORY — specified after observing the primary results,TEST,purity,test_raw,1,0.01,0.001196888091,1671
POST-HOC EXPLORATORY — specified after observing the primary results,TEST,purity,test_raw,2,0.01895272292,0.003590664273,1671
POST-HOC EXPLORATORY — specified after observing the primary results,TEST,purity,test_raw,3,0.02,0.005385996409,1671
POST-HOC EXPLORATORY — specified after observing the primary results,TEST,purity,test_raw,4,0.02120885697,0.009375623379,1671
POST-HOC EXPLORATORY — specified after observing the primary results,TEST,purity,test_raw,5,0.03,0.01775384002,1671
POST-HOC EXPLORATORY — specified after observing the primary results,TEST,purity,test_raw,6,0.03430879713,0.02533413126,1671
POST-HOC EXPLORATORY — specified after observing the primary results,TEST,purity,test_raw,7,0.04444643926,0.03585677239,1671
POST-HOC EXPLORATORY — specified after observing the primary results,TEST,purity,test_raw,8,0.06144225015,0.05206463196,1671
POST-HOC EXPLORATORY — specified after observing the primary results,TEST,purity,test_raw,9,0.09992818671,0.06503091961,1671
POST-HOC EXPLORATORY — specified after observing the primary results,TEST,purity,test_raw,10,0.3126407186,0.1654690619,1670
POST-HOC EXPLORATORY — specified after observing the primary results,TEST,purity,test_dev_calibrated,1,0.008896096088,0.001196888091,1671
POST-HOC EXPLORATORY — specified after observing the primary results,TEST,purity,test_dev_calibrated,2,0.01342450077,0.003590664273,1671
POST-HOC EXPLORATORY — specified after observing the primary results,TEST,purity,test_dev_calibrated,3,0.01395422725,0.005385996409,1671
POST-HOC EXPLORATORY — specified after observing the primary results,TEST,purity,test_dev_calibrated,4,0.01456568296,0.009375623379,1671
POST-HOC EXPLORATORY — specified after observing the primary results,TEST,purity,test_dev_calibrated,5,0.01901235841,0.01775384002,1671
POST-HOC EXPLORATORY — specified after observing the primary results,TEST,purity,test_dev_calibrated,6,0.02119180451,0.02533413126,1671
POST-HOC EXPLORATORY — specified after observing the primary results,TEST,purity,test_dev_calibrated,7,0.02631955687,0.03585677239,1671
POST-HOC EXPLORATORY — specified after observing the primary results,TEST,purity,test_dev_calibrated,8,0.03491626094,0.05206463196,1671
POST-HOC EXPLORATORY — specified after observing the primary results,TEST,purity,test_dev_calibrated,9,0.05438295245,0.06503091961,1671
POST-HOC EXPLORATORY — specified after observing the primary results,TEST,purity,test_dev_calibrated,10,0.161975741,0.1654690619,1670
